epoch,poisonedCifar10(no defence)_Local_backdoor_cv_cifar10_resnet_snorm0.2_Baseline_Lr0.001_PLr0.003_TLr0.2_AttackNum250_EC0_SE1801_AllLayer1 - _step,patchedCifar10(no denfence)Local_backdoor_cv_cifar10_resnet_snorm0.2_Baseline_Lr0.001_PLr0.02_TLr0.2_AttackNum200_EC0_SE1801_AllLayer1 - test poison acc (after fedavg),poisonedCifar10(no defence)_Local_backdoor_cv_cifar10_resnet_snorm0.2_Baseline_Lr0.001_PLr0.003_TLr0.2_AttackNum250_EC0_SE1801_AllLayer1 - test poison acc (after fedavg)
1801,1,0.39063 ,1.17188 
1802,2,30.46875 ,34.96094 
1803,3,37.50000 ,46.87500 
1804,4,29.49219 ,58.00781 
1805,5,24.21875 ,60.54688 
1806,6,43.35938 ,49.02344 
1807,7,54.49219 ,60.54688 
1808,8,64.06250 ,66.21094 
1809,9,60.35156 ,67.18750 
1810,10,37.69531 ,61.71875 
1811,11,60.54688 ,77.53906 
1812,12,39.84375 ,78.71094 
1813,13,53.90625 ,80.85938 
1814,14,72.26563 ,85.15625 
1815,15,64.84375 ,85.35156 
1816,16,65.03906 ,83.98438 
1817,17,63.28125 ,82.42188 
1818,18,48.82813 ,82.03125 
1819,19,72.85156 ,83.20313 
1820,20,59.57031 ,85.74219 
1821,21,63.67188 ,86.13281 
1822,22,76.75781 ,83.00781 
1823,23,61.32813 ,84.57031 
1824,24,84.17969 ,87.30469 
1825,25,85.74219 ,87.10938 
1826,26,76.75781 ,88.28125 
1827,27,83.78906 ,87.50000 
1828,28,69.53125 ,86.52344 
1829,29,71.87500 ,93.16406 
1830,30,71.67969 ,94.33594 
1831,31,76.36719 ,91.79688 
1832,32,76.36719 ,90.42969 
1833,33,79.10156 ,90.42969 
1834,34,77.53906 ,92.77344 
1835,35,78.32031 ,87.69531 
1836,36,66.99219 ,92.18750 
1837,37,70.11719 ,93.35938 
1838,38,74.02344 ,94.72656 
1839,39,63.86719 ,90.03906 
1840,40,69.72656 ,92.18750 
1841,41,75.39063 ,93.16406 
1842,42,64.64844 ,91.01563 
1843,43,79.68750 ,87.30469 
1844,44,73.04688 ,91.01563 
1845,45,89.06250 ,90.03906 
1846,46,77.73438 ,91.99219 
1847,47,83.39844 ,93.16406 
1848,48,57.22656 ,91.21094 
1849,49,76.95313 ,87.89063 
1850,50,64.84375 ,89.45313 
1851,51,75.97656 ,90.62500 
1852,52,72.07031 ,95.11719 
1853,53,79.10156 ,95.31250 
1854,54,75.78125 ,95.89844 
1855,55,84.76563 ,95.70313 
1856,56,78.32031 ,92.96875 
1857,57,82.81250 ,96.67969 
1858,58,78.51563 ,94.33594 
1859,59,82.03125 ,96.28906 
1860,60,66.01563 ,93.55469 
1861,61,75.19531 ,96.28906 
1862,62,70.89844 ,95.31250 
1863,63,83.98438 ,95.31250 
1864,64,82.81250 ,92.18750 
1865,65,83.20313 ,93.16406 
1866,66,86.52344 ,94.72656 
1867,67,78.12500 ,94.14063 
1868,68,87.10938 ,93.75000 
1869,69,51.75781 ,95.50781 
1870,70,71.28906 ,96.67969 
1871,71,72.65625 ,93.16406 
1872,72,86.71875 ,95.11719 
1873,73,87.30469 ,95.31250 
1874,74,82.61719 ,94.14063 
1875,75,85.93750 ,93.94531 
1876,76,84.17969 ,93.94531 
1877,77,80.07813 ,93.16406 
1878,78,82.81250 ,93.35938 
1879,79,78.32031 ,84.37500 
1880,80,86.13281 ,94.72656 
1881,81,84.57031 ,90.82031 
1882,82,82.03125 ,95.31250 
1883,83,81.64063 ,92.57813 
1884,84,84.37500 ,91.21094 
1885,85,78.90625 ,95.50781 
1886,86,87.69531 ,95.89844 
1887,87,79.68750 ,93.55469 
1888,88,84.96094 ,99.21875 
1889,89,83.20313 ,99.02344 
1890,90,85.35156 ,98.43750 
1891,91,83.20313 ,97.65625 
1892,92,81.64063 ,95.89844 
1893,93,84.17969 ,97.07031 
1894,94,83.59375 ,94.92188 
1895,95,59.37500 ,97.26563 
1896,96,83.39844 ,96.09375 
1897,97,83.98438 ,94.33594 
1898,98,87.89063 ,97.26563 
1899,99,89.64844 ,97.65625 
1900,100,84.57031 ,97.65625 
1901,101,87.69531 ,98.24219 
1902,102,89.64844 ,97.65625 
1903,103,84.37500 ,97.85156 
1904,104,75.00000 ,96.67969 
1905,105,85.35156 ,92.38281 
1906,106,85.93750 ,93.94531 
1907,107,82.81250 ,95.50781 
1908,108,88.67188 ,96.28906 
1909,109,83.39844 ,93.35938 
1910,110,83.78906 ,98.43750 
1911,111,90.82031 ,98.24219 
1912,112,88.28125 ,90.42969 
1913,113,88.67188 ,91.01563 
1914,114,82.81250 ,95.89844 
1915,115,89.25781 ,93.35938 
1916,116,84.37500 ,98.82813 
1917,117,84.17969 ,97.26563 
1918,118,87.89063 ,97.65625 
1919,119,87.89063 ,98.82813 
1920,120,87.30469 ,98.63281 
1921,121,86.13281 ,96.28906 
1922,122,87.30469 ,96.09375 
1923,123,87.69531 ,94.33594 
1924,124,65.03906 ,96.28906 
1925,125,88.28125 ,96.28906 
1926,126,88.67188 ,95.89844 
1927,127,84.96094 ,97.26563 
1928,128,87.89063 ,93.75000 
1929,129,88.08594 ,95.50781 
1930,130,89.64844 ,95.31250 
1931,131,83.78906 ,95.31250 
1932,132,85.74219 ,88.86719 
1933,133,87.10938 ,93.75000 
1934,134,90.82031 ,97.65625 
1935,135,88.28125 ,99.02344 
1936,136,78.71094 ,98.82813 
1937,137,85.74219 ,99.02344 
1938,138,85.35156 ,97.85156 
1939,139,84.37500 ,99.21875 
1940,140,88.67188 ,97.85156 
1941,141,87.50000 ,97.26563 
1942,142,86.32813 ,96.87500 
1943,143,84.57031 ,98.24219 
1944,144,83.00781 ,97.85156 
1945,145,85.54688 ,98.04688 
1946,146,86.71875 ,98.63281 
1947,147,84.96094 ,97.46094 
1948,148,85.74219 ,98.82813 
1949,149,86.32813 ,95.31250 
1950,150,84.37500 ,97.46094 
1951,151,81.83594 ,98.43750 
1952,152,82.42188 ,99.41406 
1953,153,85.54688 ,99.21875 
1954,154,88.28125 ,98.63281 
1955,155,90.03906 ,97.85156 
1956,156,86.91406 ,98.82813 
1957,157,84.17969 ,98.43750 
1958,158,83.98438 ,98.43750 
1959,159,87.30469 ,98.63281 
1960,160,87.10938 ,97.07031 
1961,161,86.71875 ,94.53125 
1962,162,86.91406 ,97.65625 
1963,163,81.83594 ,98.04688 
1964,164,89.25781 ,99.02344 
1965,165,89.25781 ,98.82813 
1966,166,88.28125 ,98.82813 
1967,167,86.13281 ,99.02344 
1968,168,91.01563 ,99.02344 
1969,169,89.06250 ,98.63281 
1970,170,88.86719 ,98.04688 
1971,171,89.25781 ,97.46094 
1972,172,88.08594 ,96.87500 
1973,173,87.69531 ,99.21875 
1974,174,89.06250 ,99.02344 
1975,175,90.42969 ,99.21875 
1976,176,87.69531 ,98.82813 
1977,177,89.25781 ,96.67969 
1978,178,92.96875 ,97.26563 
1979,179,90.82031 ,94.14063 
1980,180,90.82031 ,95.50781 
1981,181,89.84375 ,97.26563 
1982,182,93.35938 ,98.82813 
1983,183,89.06250 ,98.82813 
1984,184,93.55469 ,99.02344 
1985,185,94.14063 ,98.43750 
1986,186,93.55469 ,99.21875 
1987,187,93.75000 ,98.63281 
1988,188,92.57813 ,98.82813 
1989,189,92.57813 ,98.63281 
1990,190,90.62500 ,98.63281 
1991,191,89.84375 ,99.21875 
1992,192,91.99219 ,99.02344 
1993,193,93.55469 ,99.02344 
1994,194,94.14063 ,99.21875 
1995,195,93.94531 ,99.60938 
1996,196,88.86719 ,100.00000 
1997,197,91.60156 ,99.60938 
1998,198,91.60156 ,99.80469 
1999,199,94.72656 ,99.60938 
2000,200,93.75000 ,99.21875 
2001,201,91.01563 ,100.00000 
2002,202,90.03906 ,100.00000 
2003,203,89.25781 ,99.60938 
2004,204,90.82031 ,100.00000 
2005,205,91.40625 ,100.00000 
2006,206,90.23438 ,100.00000 
2007,207,90.62500 ,100.00000 
2008,208,91.01563 ,100.00000 
2009,209,91.79688 ,100.00000 
2010,210,88.67188 ,100.00000 
2011,211,89.45313 ,100.00000 
2012,212,87.69531 ,100.00000 
2013,213,87.69531 ,100.00000 
2014,214,88.67188 ,100.00000 
2015,215,88.86719 ,100.00000 
2016,216,89.64844 ,100.00000 
2017,217,90.62500 ,100.00000 
2018,218,90.03906 ,100.00000 
2019,219,90.03906 ,100.00000 
2020,220,89.84375 ,100.00000 
2021,221,90.03906 ,100.00000 
2022,222,88.86719 ,100.00000 
2023,223,91.21094 ,100.00000 
2024,224,88.08594 ,100.00000 
2025,225,87.89063 ,100.00000 
2026,226,87.50000 ,100.00000 
2027,227,87.10938 ,100.00000 
2028,228,86.91406 ,100.00000 
2029,229,88.28125 ,100.00000 
2030,230,88.28125 ,100.00000 
2031,231,87.50000 ,100.00000 
2032,232,86.32813 ,100.00000 
2033,233,86.52344 ,100.00000 
2034,234,86.32813 ,100.00000 
2035,235,87.50000 ,100.00000 
2036,236,87.10938 ,100.00000 
2037,237,87.69531 ,100.00000 
2038,238,89.45313 ,100.00000 
2039,239,86.91406 ,100.00000 
2040,240,88.67188 ,100.00000 
2041,241,88.28125 ,100.00000 
2042,242,87.50000 ,100.00000 
2043,243,88.86719 ,100.00000 
2044,244,88.67188 ,100.00000 
2045,245,86.91406 ,100.00000 
2046,246,86.52344 ,100.00000 
2047,247,88.47656 ,100.00000 
2048,248,87.50000 ,100.00000 
2049,249,87.50000 ,100.00000 
2050,250,87.10938 ,100.00000 
2051,251,87.69531 ,99.41406 
2052,252,86.91406 ,99.41406 
2053,253,86.32813 ,99.60938 
2054,254,86.91406 ,99.80469 
2055,255,86.71875 ,99.41406 
2056,256,86.52344 ,99.60938 
2057,257,88.67188 ,99.80469 
2058,258,86.71875 ,98.63281 
2059,259,86.52344 ,99.21875 
2060,260,86.52344 ,98.63281 
2061,261,85.74219 ,99.41406 
2062,262,87.30469 ,99.41406 
2063,263,86.71875 ,98.43750 
2064,264,86.13281 ,98.82813 
2065,265,85.93750 ,98.82813 
2066,266,86.52344 ,99.02344 
2067,267,87.30469 ,99.60938 
2068,268,86.32813 ,99.41406 
2069,269,85.93750 ,99.02344 
2070,270,87.50000 ,99.80469 
2071,271,84.37500 ,99.80469 
2072,272,86.52344 ,99.60938 
2073,273,85.15625 ,98.63281 
2074,274,86.32813 ,99.02344 
2075,275,85.35156 ,98.63281 
2076,276,85.74219 ,99.60938 
2077,277,85.93750 ,99.02344 
2078,278,86.52344 ,99.21875 
2079,279,87.10938 ,99.80469 
2080,280,86.91406 ,98.82813 
2081,281,85.35156 ,99.80469 
2082,282,84.57031 ,98.24219 
2083,283,83.59375 ,98.63281 
2084,284,86.13281 ,98.82813 
2085,285,84.76563 ,99.60938 
2086,286,86.13281 ,99.60938 
2087,287,86.13281 ,99.21875 
2088,288,85.54688 ,98.43750 
2089,289,86.13281 ,98.43750 
2090,290,86.13281 ,99.21875 
2091,291,83.59375 ,97.46094 
2092,292,84.57031 ,98.43750 
2093,293,86.91406 ,98.04688 
2094,294,85.74219 ,98.43750 
2095,295,86.91406 ,98.43750 
2096,296,87.10938 ,98.63281 
2097,297,84.96094 ,97.85156 
2098,298,86.13281 ,98.63281 
2099,299,85.54688 ,98.82813 
2100,300,85.74219 ,97.65625 
2101,301,85.74219 ,98.24219 
2102,302,86.13281 ,98.43750 
2103,303,84.17969 ,97.85156 
2104,304,84.17969 ,97.85156 
2105,305,86.13281 ,98.04688 
2106,306,85.54688 ,98.24219 
2107,307,85.93750 ,98.63281 
2108,308,86.13281 ,98.63281 
2109,309,85.74219 ,98.82813 
2110,310,85.74219 ,98.63281 
2111,311,86.32813 ,97.85156 
2112,312,83.78906 ,98.63281 
2113,313,85.54688 ,99.02344 
2114,314,84.96094 ,97.85156 
2115,315,84.37500 ,97.46094 
2116,316,79.88281 ,98.43750 
2117,317,84.96094 ,98.82813 
2118,318,85.35156 ,98.04688 
2119,319,84.96094 ,97.85156 
2120,320,87.10938 ,98.04688 
2121,321,85.54688 ,96.09375 
2122,322,83.20313 ,96.67969 
2123,323,83.39844 ,98.24219 
2124,324,83.78906 ,97.26563 
2125,325,85.74219 ,97.85156 
2126,326,85.15625 ,97.65625 
2127,327,85.54688 ,96.48438 
2128,328,85.15625 ,96.48438 
2129,329,81.44531 ,95.70313 
2130,330,83.78906 ,95.11719 
2131,331,82.61719 ,93.16406 
2132,332,84.17969 ,93.35938 
2133,333,83.78906 ,95.11719 
2134,334,84.96094 ,95.70313 
2135,335,86.52344 ,97.85156 
2136,336,85.15625 ,96.28906 
2137,337,83.39844 ,96.67969 
2138,338,82.81250 ,96.48438 
2139,339,82.22656 ,95.89844 
2140,340,81.05469 ,97.46094 
2141,341,83.20313 ,96.48438 
2142,342,84.37500 ,98.24219 
2143,343,82.22656 ,96.09375 
2144,344,80.66406 ,96.48438 
2145,345,82.03125 ,95.11719 
2146,346,82.03125 ,96.09375 
2147,347,82.61719 ,96.67969 
2148,348,84.96094 ,91.99219 
2149,349,83.39844 ,95.70313 
2150,350,85.54688 ,95.70313 
2151,351,85.35156 ,97.26563 
2152,352,83.78906 ,95.89844 
2153,353,82.22656 ,93.94531 
2154,354,82.42188 ,94.33594 
2155,355,82.22656 ,96.28906 
2156,356,84.76563 ,93.94531 
2157,357,84.76563 ,95.31250 
2158,358,83.78906 ,94.92188 
2159,359,83.98438 ,96.67969 
2160,360,83.98438 ,96.67969 
2161,361,84.96094 ,92.96875 
2162,362,82.81250 ,92.96875 
2163,363,80.85938 ,95.50781 
2164,364,84.76563 ,95.31250 
2165,365,84.37500 ,96.28906 
2166,366,85.15625 ,94.53125 
2167,367,83.98438 ,93.55469 
2168,368,83.20313 ,96.28906 
2169,369,81.83594 ,96.67969 
2170,370,82.81250 ,95.50781 
2171,371,80.66406 ,97.46094 
2172,372,82.42188 ,95.89844 
2173,373,82.03125 ,96.67969 
2174,374,79.68750 ,93.16406 
2175,375,82.03125 ,92.96875 
2176,376,83.39844 ,92.96875 
2177,377,81.83594 ,95.70313 
2178,378,83.39844 ,93.75000 
2179,379,83.20313 ,93.75000 
2180,380,81.25000 ,94.53125 
2181,381,83.20313 ,93.94531 
2182,382,84.57031 ,91.79688 
2183,383,81.83594 ,92.96875 
2184,384,81.05469 ,91.01563 
2185,385,81.83594 ,92.18750 
2186,386,84.57031 ,92.77344 
2187,387,83.98438 ,96.48438 
2188,388,83.39844 ,95.31250 
2189,389,83.00781 ,94.14063 
2190,390,83.00781 ,91.21094 
2191,391,81.05469 ,92.18750 
2192,392,83.98438 ,93.94531 
2193,393,85.54688 ,95.11719 
2194,394,83.00781 ,96.48438 
2195,395,78.71094 ,95.31250 
2196,396,82.81250 ,93.35938 
2197,397,84.57031 ,90.42969 
2198,398,83.59375 ,93.94531 
2199,399,83.78906 ,92.38281 
2200,400,82.61719 ,92.18750 
2201,401,78.71094 ,95.11719 
2202,402,81.64063 ,93.55469 
2203,403,79.49219 ,93.35938 
2204,404,81.83594 ,93.75000 
2205,405,82.42188 ,93.35938 
2206,406,82.61719 ,93.35938 
2207,407,81.05469 ,91.60156 
2208,408,82.22656 ,90.82031 
2209,409,80.07813 ,90.23438 
2210,410,78.90625 ,91.21094 
2211,411,77.92969 ,93.16406 
2212,412,78.12500 ,92.57813 
2213,413,77.73438 ,92.96875 
2214,414,78.90625 ,91.21094 
2215,415,83.78906 ,93.55469 
2216,416,82.81250 ,91.40625 
2217,417,82.42188 ,89.64844 
2218,418,81.05469 ,93.35938 
2219,419,79.88281 ,95.31250 
2220,420,82.61719 ,92.38281 
2221,421,81.83594 ,91.99219 
2222,422,82.42188 ,93.55469 
2223,423,81.25000 ,94.33594 
2224,424,80.46875 ,96.48438 
2225,425,78.51563 ,96.09375 
2226,426,80.07813 ,92.18750 
2227,427,82.03125 ,92.77344 
2228,428,78.32031 ,92.38281 
2229,429,78.32031 ,93.35938 
2230,430,78.51563 ,91.79688 
2231,431,78.71094 ,92.38281 
2232,432,77.73438 ,91.79688 
2233,433,77.73438 ,90.23438 
2234,434,78.90625 ,90.62500 
2235,435,80.85938 ,91.21094 
2236,436,78.12500 ,91.21094 
2237,437,78.71094 ,91.99219 
2238,438,80.27344 ,92.96875 
2239,439,83.00781 ,92.96875 
2240,440,82.03125 ,92.18750 
2241,441,78.32031 ,93.16406 
2242,442,77.92969 ,91.60156 
2243,443,81.25000 ,93.94531 
2244,444,82.22656 ,92.57813 
2245,445,82.22656 ,91.40625 
2246,446,77.53906 ,88.67188 
2247,447,78.90625 ,91.01563 
2248,448,81.64063 ,93.16406 
2249,449,81.05469 ,92.77344 
2250,450,78.90625 ,91.60156 
2251,451,79.68750 ,90.23438 
2252,452,80.85938 ,91.40625 
2253,453,81.05469 ,91.01563 
2254,454,80.66406 ,92.38281 
2255,455,79.29688 ,90.62500 
2256,456,79.88281 ,90.23438 
2257,457,81.44531 ,92.38281 
2258,458,80.07813 ,91.40625 
2259,459,78.12500 ,92.18750 
2260,460,80.46875 ,88.67188 
2261,461,78.51563 ,92.96875 
2262,462,76.36719 ,93.55469 
2263,463,81.25000 ,91.21094 
2264,464,76.95313 ,93.16406 
2265,465,76.95313 ,93.55469 
2266,466,78.51563 ,91.60156 
2267,467,81.25000 ,91.60156 
2268,468,81.83594 ,89.45313 
2269,469,79.68750 ,91.60156 
2270,470,76.75781 ,90.82031 
2271,471,76.95313 ,88.47656 
2272,472,79.88281 ,90.23438 
2273,473,79.68750 ,91.01563 
2274,474,79.49219 ,87.69531 
2275,475,81.05469 ,91.01563 
2276,476,80.07813 ,92.96875 
2277,477,76.17188 ,91.01563 
2278,478,82.61719 ,91.60156 
2279,479,78.12500 ,91.60156 
2280,480,78.51563 ,92.57813 
2281,481,79.88281 ,94.92188 
2282,482,80.27344 ,92.18750 
2283,483,79.68750 ,92.18750 
2284,484,77.14844 ,93.35938 
2285,485,76.17188 ,92.18750 
2286,486,77.34375 ,93.94531 
2287,487,76.75781 ,92.57813 
2288,488,75.00000 ,92.77344 
2289,489,77.14844 ,92.57813 
2290,490,76.75781 ,91.60156 
2291,491,78.12500 ,90.82031 
2292,492,80.46875 ,91.40625 
2293,493,79.49219 ,92.18750 
2294,494,76.17188 ,91.01563 
2295,495,80.27344 ,91.79688 
2296,496,76.56250 ,91.01563 
2297,497,75.39063 ,90.82031 
2298,498,79.68750 ,90.42969 
2299,499,82.42188 ,90.23438 
2300,500,75.97656 ,93.16406 
2301,501,75.58594 ,91.79688 
2302,502,75.58594 ,88.08594 
2303,503,78.51563 ,89.06250 
2304,504,83.39844 ,89.25781 
2305,505,82.61719 ,88.86719 
2306,506,76.17188 ,87.50000 
2307,507,74.02344 ,87.50000 
2308,508,76.75781 ,88.08594 
2309,509,79.88281 ,90.62500 
2310,510,81.25000 ,88.86719 
2311,511,81.44531 ,90.23438 
2312,512,77.34375 ,90.62500 
2313,513,76.95313 ,90.03906 
2314,514,76.75781 ,89.84375 
2315,515,75.39063 ,90.03906 
2316,516,75.19531 ,89.45313 
2317,517,77.73438 ,90.62500 
2318,518,79.49219 ,88.67188 
2319,519,80.85938 ,87.30469 
2320,520,78.90625 ,89.06250 
2321,521,80.66406 ,92.18750 
2322,522,75.58594 ,93.75000 
2323,523,78.32031 ,90.03906 
2324,524,80.46875 ,85.93750 
2325,525,78.51563 ,89.45313 
2326,526,73.82813 ,90.82031 
2327,527,77.14844 ,90.62500 
2328,528,79.10156 ,91.79688 
2329,529,76.75781 ,90.82031 
2330,530,78.51563 ,89.64844 
2331,531,76.75781 ,87.89063 
2332,532,77.14844 ,89.06250 
2333,533,76.56250 ,89.45313 
2334,534,79.49219 ,88.28125 
2335,535,77.92969 ,89.84375 
2336,536,78.32031 ,88.28125 
2337,537,81.25000 ,88.86719 
2338,538,76.95313 ,86.32813 
2339,539,80.85938 ,89.84375 
2340,540,76.75781 ,90.42969 
2341,541,80.27344 ,90.03906 
2342,542,80.46875 ,90.23438 
2343,543,79.68750 ,89.45313 
2344,544,80.85938 ,87.89063 
2345,545,80.46875 ,90.62500 
2346,546,79.10156 ,92.38281 
2347,547,77.34375 ,92.77344 
2348,548,75.19531 ,85.15625 
2349,549,77.34375 ,88.28125 
2350,550,76.75781 ,91.01563 
2351,551,76.36719 ,91.40625 
2352,552,76.36719 ,92.38281 
2353,553,76.75781 ,90.03906 
2354,554,72.07031 ,87.30469 
2355,555,78.71094 ,89.25781 
2356,556,80.27344 ,90.62500 
2357,557,77.14844 ,91.60156 
2358,558,77.14844 ,91.40625 
2359,559,80.85938 ,90.03906 
2360,560,82.03125 ,90.03906 
2361,561,82.81250 ,92.77344 
2362,562,79.68750 ,88.86719 
2363,563,79.49219 ,87.89063 
2364,564,77.92969 ,90.23438 
2365,565,78.12500 ,92.57813 
2366,566,79.88281 ,90.42969 
2367,567,79.10156 ,90.62500 
2368,568,81.25000 ,90.62500 
2369,569,78.71094 ,86.71875 
2370,570,77.14844 ,87.10938 
2371,571,75.00000 ,89.64844 
2372,572,77.53906 ,89.84375 
2373,573,79.49219 ,89.45313 
2374,574,80.07813 ,86.71875 
2375,575,81.64063 ,88.67188 
2376,576,78.90625 ,86.13281 
2377,577,77.92969 ,85.15625 
2378,578,76.56250 ,86.52344 
2379,579,78.32031 ,90.23438 
2380,580,81.83594 ,89.64844 
2381,581,78.71094 ,92.18750 
2382,582,76.17188 ,91.01563 
2383,583,76.95313 ,89.45313 
2384,584,76.17188 ,89.06250 
2385,585,77.34375 ,89.64844 
2386,586,75.97656 ,92.38281 
2387,587,72.07031 ,91.40625 
2388,588,75.78125 ,90.82031 
2389,589,77.73438 ,89.84375 
2390,590,76.17188 ,90.03906 
2391,591,76.17188 ,90.42969 
2392,592,78.32031 ,90.03906 
2393,593,78.51563 ,91.60156 
2394,594,78.32031 ,91.79688 
2395,595,77.53906 ,88.47656 
2396,596,76.56250 ,93.35938 
2397,597,77.34375 ,86.32813 
2398,598,76.17188 ,91.40625 
2399,599,77.34375 ,91.21094 
2400,600,79.10156 ,88.86719 
2401,601,81.25000 ,90.23438 
2402,602,80.07813 ,91.79688 
2403,603,78.12500 ,91.79688 
2404,604,75.97656 ,90.62500 
2405,605,77.34375 ,86.91406 
2406,606,80.85938 ,89.45313 
2407,607,81.25000 ,88.08594 
2408,608,79.29688 ,89.84375 
2409,609,76.56250 ,92.38281 
2410,610,77.34375 ,92.96875 
2411,611,76.56250 ,92.18750 
2412,612,81.83594 ,91.01563 
2413,613,77.53906 ,91.60156 
2414,614,75.78125 ,91.40625 
2415,615,79.29688 ,85.93750 
2416,616,73.24219 ,88.28125 
2417,617,76.75781 ,90.62500 
2418,618,75.39063 ,90.03906 
2419,619,78.51563 ,88.28125 
2420,620,77.92969 ,89.45313 
2421,621,76.95313 ,89.45313 
2422,622,76.56250 ,89.84375 
2423,623,76.75781 ,89.64844 
2424,624,75.39063 ,90.42969 
2425,625,78.12500 ,90.23438 
2426,626,77.53906 ,91.40625 
2427,627,80.46875 ,92.57813 
2428,628,76.95313 ,91.99219 
2429,629,78.71094 ,88.28125 
2430,630,78.90625 ,86.13281 
2431,631,79.29688 ,81.83594 
2432,632,80.66406 ,87.10938 
2433,633,76.95313 ,86.71875 
2434,634,71.87500 ,88.47656 
2435,635,73.63281 ,86.52344 
2436,636,77.73438 ,86.71875 
2437,637,73.04688 ,86.71875 
2438,638,76.56250 ,89.06250 
2439,639,74.02344 ,89.84375 
2440,640,73.82813 ,83.78906 
2441,641,79.68750 ,86.13281 
2442,642,74.41406 ,88.67188 
2443,643,76.36719 ,87.10938 
2444,644,76.56250 ,89.06250 
2445,645,80.66406 ,87.10938 
2446,646,78.71094 ,88.08594 
2447,647,80.07813 ,86.32813 
2448,648,78.32031 ,85.15625 
2449,649,74.02344 ,88.86719 
2450,650,72.07031 ,89.25781 
2451,651,77.92969 ,89.64844 
2452,652,77.73438 ,91.01563 
2453,653,75.19531 ,90.23438 
2454,654,71.09375 ,89.06250 
2455,655,74.60938 ,89.45313 
2456,656,76.17188 ,93.16406 
2457,657,73.04688 ,90.62500 
2458,658,74.60938 ,92.18750 
2459,659,75.19531 ,89.64844 
2460,660,75.39063 ,88.67188 
2461,661,76.56250 ,90.62500 
2462,662,73.24219 ,90.62500 
2463,663,75.39063 ,87.69531 
2464,664,78.51563 ,91.01563 
2465,665,79.88281 ,88.47656 
2466,666,77.53906 ,84.37500 
2467,667,78.71094 ,87.50000 
2468,668,76.95313 ,90.03906 
2469,669,74.21875 ,83.98438 
2470,670,75.78125 ,87.10938 
2471,671,76.17188 ,88.28125 
2472,672,76.95313 ,89.84375 
2473,673,79.68750 ,90.23438 
2474,674,76.75781 ,86.32813 
2475,675,71.87500 ,86.32813 
2476,676,79.29688 ,89.06250 
2477,677,73.63281 ,87.69531 
2478,678,79.10156 ,89.06250 
2479,679,77.53906 ,89.64844 
2480,680,76.36719 ,90.62500 
2481,681,74.21875 ,86.32813 
2482,682,76.75781 ,86.91406 
2483,683,78.32031 ,91.01563 
2484,684,76.56250 ,92.18750 
2485,685,75.97656 ,90.03906 
2486,686,76.17188 ,89.45313 
2487,687,73.24219 ,88.28125 
2488,688,76.95313 ,89.06250 
2489,689,78.90625 ,88.67188 
2490,690,79.10156 ,87.10938 
2491,691,77.14844 ,88.86719 
2492,692,75.39063 ,92.96875 
2493,693,77.53906 ,89.45313 
2494,694,79.49219 ,86.91406 
2495,695,74.80469 ,88.28125 
2496,696,73.24219 ,87.69531 
2497,697,75.58594 ,88.67188 
2498,698,76.75781 ,90.03906 
2499,699,77.53906 ,89.84375 
2500,700,76.36719 ,88.47656 
2501,701,75.78125 ,85.15625 
2502,702,76.36719 ,91.99219 
2503,703,76.56250 ,89.45313 
2504,704,76.75781 ,88.86719 
2505,705,72.26563 ,87.50000 
2506,706,76.95313 ,90.42969 
2507,707,80.66406 ,85.54688 
2508,708,78.90625 ,82.22656 
2509,709,75.19531 ,85.54688 
2510,710,72.85156 ,83.98438 
2511,711,72.07031 ,89.84375 
2512,712,73.82813 ,88.28125 
2513,713,75.97656 ,88.86719 
2514,714,71.67969 ,90.03906 
2515,715,74.41406 ,88.67188 
2516,716,72.85156 ,89.06250 
2517,717,75.78125 ,89.64844 
2518,718,77.92969 ,86.32813 
2519,719,75.97656 ,85.54688 
2520,720,73.82813 ,88.47656 
2521,721,73.04688 ,89.25781 
2522,722,75.19531 ,88.28125 
2523,723,74.41406 ,86.91406 
2524,724,76.56250 ,89.64844 
2525,725,74.21875 ,88.47656 
2526,726,74.41406 ,85.54688 
2527,727,73.63281 ,85.35156 
2528,728,75.00000 ,87.10938 
2529,729,77.14844 ,88.86719 
2530,730,74.80469 ,89.06250 
2531,731,73.43750 ,88.08594 
2532,732,76.56250 ,88.47656 
2533,733,75.78125 ,86.71875 
2534,734,72.85156 ,85.74219 
2535,735,73.04688 ,81.83594 
2536,736,75.78125 ,86.91406 
2537,737,75.97656 ,85.93750 
2538,738,76.36719 ,87.10938 
2539,739,78.51563 ,87.50000 
2540,740,71.87500 ,85.93750 
2541,741,73.63281 ,88.86719 
2542,742,77.34375 ,87.50000 
2543,743,72.46094 ,86.32813 
2544,744,76.56250 ,87.89063 
2545,745,79.10156 ,84.57031 
2546,746,74.02344 ,83.98438 
2547,747,74.80469 ,87.10938 
2548,748,79.10156 ,88.47656 
2549,749,73.63281 ,88.47656 
2550,750,75.58594 ,87.50000 
2551,751,76.95313 ,91.01563 
2552,752,77.53906 ,88.67188 
2553,753,78.51563 ,88.67188 
2554,754,73.04688 ,89.25781 
2555,755,74.41406 ,85.74219 
2556,756,79.10156 ,91.99219 
2557,757,73.82813 ,86.91406 
2558,758,74.02344 ,88.67188 
2559,759,76.17188 ,85.54688 
2560,760,79.10156 ,86.91406 
2561,761,76.17188 ,85.74219 
2562,762,76.17188 ,89.84375 
2563,763,77.14844 ,90.23438 
2564,764,77.53906 ,90.03906 
2565,765,75.97656 ,91.01563 
2566,766,75.58594 ,86.13281 
2567,767,74.41406 ,85.93750 
2568,768,78.32031 ,86.71875 
2569,769,72.65625 ,87.30469 
2570,770,73.82813 ,88.28125 
2571,771,72.07031 ,88.47656 
2572,772,78.51563 ,86.13281 
2573,773,74.41406 ,89.84375 
2574,774,71.48438 ,91.01563 
2575,775,76.36719 ,90.23438 
2576,776,77.34375 ,88.67188 
2577,777,74.80469 ,86.91406 
2578,778,75.19531 ,87.30469 
2579,779,74.80469 ,81.44531 
2580,780,72.65625 ,86.91406 
2581,781,73.04688 ,90.42969 
2582,782,75.39063 ,86.71875 
2583,783,74.02344 ,88.28125 
2584,784,73.82813 ,88.28125 
2585,785,78.12500 ,87.30469 
2586,786,77.34375 ,88.86719 
2587,787,74.41406 ,88.28125 
2588,788,67.96875 ,85.93750 
2589,789,71.48438 ,87.10938 
2590,790,74.21875 ,83.39844 
2591,791,75.97656 ,84.96094 
2592,792,72.26563 ,88.86719 
2593,793,72.85156 ,89.45313 
2594,794,75.58594 ,90.82031 
2595,795,73.43750 ,91.01563 
2596,796,76.17188 ,87.69531 
2597,797,74.21875 ,87.10938 
2598,798,72.65625 ,84.96094 
2599,799,71.48438 ,88.86719 
2600,800,73.24219 ,87.10938 
2601,801,76.17188 ,85.54688 
2602,802,76.95313 ,87.89063 
2603,803,73.82813 ,90.82031 
2604,804,76.95313 ,88.28125 
2605,805,74.41406 ,88.28125 
2606,806,73.04688 ,86.71875 
2607,807,75.19531 ,88.86719 
2608,808,74.21875 ,86.52344 
2609,809,74.80469 ,88.67188 
2610,810,75.58594 ,91.99219 
2611,811,75.58594 ,87.69531 
2612,812,75.39063 ,87.89063 
2613,813,72.65625 ,90.03906 
2614,814,72.26563 ,86.71875 
2615,815,71.67969 ,87.10938 
2616,816,73.24219 ,89.06250 
2617,817,74.21875 ,88.86719 
2618,818,75.19531 ,89.64844 
2619,819,75.97656 ,89.84375 
2620,820,73.43750 ,91.01563 
2621,821,76.17188 ,81.83594 
2622,822,75.78125 ,89.06250 
2623,823,78.32031 ,89.25781 
2624,824,72.65625 ,90.03906 
2625,825,71.28906 ,90.03906 
2626,826,73.43750 ,83.00781 
2627,827,75.58594 ,84.17969 
2628,828,74.60938 ,89.25781 
2629,829,76.75781 ,85.35156 
2630,830,,87.50000 
2631,831,,86.13281 
2632,832,,87.69531 
2633,833,,86.71875 
2634,834,,91.21094 
2635,835,,85.35156 
2636,836,,90.03906 
2637,837,,89.06250 
2638,838,,85.54688 
2639,839,,85.54688 
2640,840,,83.00781 
2641,841,,84.76563 
2642,842,,86.91406 
2643,843,,86.13281 
2644,844,,86.52344 
2645,845,,86.32813 
2646,846,,88.08594 
2647,847,,87.89063 
2648,848,,87.50000 
2649,849,,89.64844 
2650,850,,88.08594 
2651,851,,88.67188 
2652,852,,87.50000 
2653,853,,85.15625 
2654,854,,89.64844 
2655,855,,86.13281 
2656,856,,87.10938 
2657,857,,88.08594 
2658,858,,90.82031 
2659,859,,90.42969 
2660,860,,90.42969 
2661,861,,89.64844 
2662,862,,89.06250 
2663,863,,87.69531 
2664,864,,85.74219 
2665,865,,85.74219 
2666,866,,85.93750 
2667,867,,89.06250 
2668,868,,90.62500 
2669,869,,89.25781 
2670,870,,88.28125 
2671,871,,88.28125 
2672,872,,91.21094 
2673,873,,88.67188 
2674,874,,91.40625 
2675,875,,86.91406 
2676,876,,91.40625 
2677,877,,89.25781 
2678,878,,88.08594 
2679,879,,89.84375 
2680,880,,87.50000 
2681,881,,86.91406 
2682,882,,89.25781 
2683,883,,86.52344 
2684,884,,89.25781 
2685,885,,87.10938 
2686,886,,91.99219 
2687,887,,87.89063 
2688,888,,91.21094 
2689,889,,88.08594 
2690,890,,89.45313 
2691,891,,90.62500 
2692,892,,90.62500 
2693,893,,88.86719 
2694,894,,85.93750 
2695,895,,88.08594 
2696,896,,91.40625 
2697,897,,90.82031 
2698,898,,91.01563 
2699,899,,91.60156 
2700,900,,89.64844 
2701,901,,88.28125 
2702,902,,90.82031 
2703,903,,87.30469 
2704,904,,86.91406 
2705,905,,87.89063 
2706,906,,87.89063 
2707,907,,87.50000 
2708,908,,87.69531 
2709,909,,83.39844 
2710,910,,87.50000 
2711,911,,87.10938 
2712,912,,89.25781 
2713,913,,91.40625 
2714,914,,90.03906 
2715,915,,90.42969 
2716,916,,91.60156 
2717,917,,91.01563 
2718,918,,87.50000 
2719,919,,87.50000 
2720,920,,87.69531 
2721,921,,89.84375 
2722,922,,86.91406 
2723,923,,90.03906 
2724,924,,80.07813 
2725,925,,86.91406 
2726,926,,89.25781 
2727,927,,86.32813 
2728,928,,88.67188 
2729,929,,89.84375 
2730,930,,89.64844 
2731,931,,86.52344 
2732,932,,87.10938 
2733,933,,89.06250 
2734,934,,90.42969 
2735,935,,91.21094 
2736,936,,89.06250 
2737,937,,86.91406 
2738,938,,82.61719 
2739,939,,85.93750 
2740,940,,88.28125 
2741,941,,84.17969 
2742,942,,87.30469 
2743,943,,89.45313 
2744,944,,86.32813 
2745,945,,87.30469 
2746,946,,91.60156 
2747,947,,90.62500 
2748,948,,88.67188 
2749,949,,90.82031 
2750,950,,84.76563 
2751,951,,85.74219 
2752,952,,87.10938 
2753,953,,89.45313 
2754,954,,89.45313 
2755,955,,88.47656 
2756,956,,87.30469 
2757,957,,86.71875 
2758,958,,85.15625 
2759,959,,87.10938 
2760,960,,87.50000 
2761,961,,89.25781 
2762,962,,86.52344 
2763,963,,86.52344 
2764,964,,87.69531 
2765,965,,87.50000 
2766,966,,88.08594 
2767,967,,91.40625 
2768,968,,88.67188 
2769,969,,90.42969 
2770,970,,88.67188 
2771,971,,88.67188 
2772,972,,86.91406 
2773,973,,86.71875 
2774,974,,89.25781 
2775,975,,88.47656 
2776,976,,87.10938 
2777,977,,87.30469 
2778,978,,88.67188 
2779,979,,88.47656 
2780,980,,87.69531 
2781,981,,88.67188 
2782,982,,87.30469 
2783,983,,87.30469 
2784,984,,88.86719 
2785,985,,85.54688 
2786,986,,85.15625 
2787,987,,80.07813 
2788,988,,84.96094 
2789,989,,89.84375 
2790,990,,84.57031 
2791,991,,86.52344 
2792,992,,87.10938 
2793,993,,91.60156 
2794,994,,88.28125 
2795,995,,89.84375 
2796,996,,89.64844 
2797,997,,83.98438 
2798,998,,86.71875 
2799,999,,86.32813 
2800,1000,,85.54688 
2801,1001,,86.13281 
2802,1002,,84.76563 
2803,1003,,87.10938 
2804,1004,,87.89063 
2805,1005,,85.74219 
2806,1006,,83.98438 
2807,1007,,88.47656 
2808,1008,,85.54688 
2809,1009,,85.74219 
2810,1010,,84.17969 
2811,1011,,86.91406 
2812,1012,,87.10938 
2813,1013,,85.15625 
2814,1014,,91.60156 
2815,1015,,85.74219 
2816,1016,,90.82031 
2817,1017,,87.89063 
2818,1018,,89.25781 
2819,1019,,86.71875 
2820,1020,,85.93750 
2821,1021,,87.50000 
2822,1022,,88.67188 
2823,1023,,88.28125 
2824,1024,,88.47656 
2825,1025,,86.91406 
2826,1026,,87.50000 
2827,1027,,87.89063 
2828,1028,,87.89063 
2829,1029,,87.30469 
2830,1030,,81.83594 
2831,1031,,87.10938 
2832,1032,,86.71875 
2833,1033,,84.17969 
2834,1034,,83.59375 
2835,1035,,90.42969 
2836,1036,,87.50000 
2837,1037,,87.89063 
2838,1038,,91.01563 
2839,1039,,87.50000 
2840,1040,,86.91406 
2841,1041,,88.28125 
2842,1042,,87.30469 
2843,1043,,87.10938 
2844,1044,,87.50000 
2845,1045,,85.74219 
2846,1046,,88.08594 
2847,1047,,87.30469 
2848,1048,,88.08594 
2849,1049,,88.28125 
2850,1050,,87.69531 
2851,1051,,85.15625 
2852,1052,,86.71875 
2853,1053,,88.86719 
2854,1054,,87.89063 
2855,1055,,86.52344 
2856,1056,,85.93750 
2857,1057,,87.69531 
2858,1058,,88.47656 
2859,1059,,88.08594 
2860,1060,,86.32813 
2861,1061,,89.64844 
2862,1062,,92.57813 
2863,1063,,89.45313 
2864,1064,,86.52344 
2865,1065,,86.32813 
2866,1066,,89.06250 
2867,1067,,88.08594 
2868,1068,,90.23438 
2869,1069,,87.30469 
2870,1070,,88.08594 
2871,1071,,87.10938 
2872,1072,,88.86719 
2873,1073,,88.47656 
2874,1074,,85.54688 
2875,1075,,86.91406 
2876,1076,,88.67188 
2877,1077,,87.89063 
2878,1078,,88.86719 
2879,1079,,90.23438 
2880,1080,,88.47656 
2881,1081,,91.01563 
2882,1082,,87.69531 
2883,1083,,85.74219 
2884,1084,,88.08594 
2885,1085,,86.91406 
2886,1086,,85.93750 
2887,1087,,88.67188 
2888,1088,,89.25781 
2889,1089,,88.67188 
2890,1090,,88.47656 
2891,1091,,87.50000 
2892,1092,,84.96094 
2893,1093,,85.93750 
2894,1094,,86.91406 
2895,1095,,89.06250 
2896,1096,,87.30469 
2897,1097,,87.10938 
2898,1098,,89.84375 
2899,1099,,91.40625 
2900,1100,,86.71875 
2901,1101,,87.10938 
2902,1102,,88.86719 
2903,1103,,86.71875 
2904,1104,,86.52344 
2905,1105,,90.03906 
2906,1106,,87.69531 
2907,1107,,87.50000 
2908,1108,,88.47656 
2909,1109,,87.89063 
2910,1110,,87.89063 
2911,1111,,86.71875 
2912,1112,,86.52344 
2913,1113,,87.89063 
2914,1114,,89.84375 
2915,1115,,88.47656 
2916,1116,,88.28125 
2917,1117,,86.52344 
2918,1118,,88.47656 
2919,1119,,88.08594 
2920,1120,,85.15625 
2921,1121,,88.28125 
2922,1122,,88.28125 
2923,1123,,88.28125 
2924,1124,,91.40625 
2925,1125,,88.08594 
2926,1126,,88.28125 
2927,1127,,88.67188 
2928,1128,,84.96094 
2929,1129,,88.47656 
2930,1130,,87.50000 
2931,1131,,86.71875 
2932,1132,,89.64844 
2933,1133,,91.01563 
2934,1134,,90.42969 
2935,1135,,88.08594 
2936,1136,,86.91406 
2937,1137,,88.86719 
2938,1138,,87.69531 
2939,1139,,87.10938 
2940,1140,,90.23438 
2941,1141,,88.67188 
2942,1142,,88.47656 
2943,1143,,88.08594 
2944,1144,,87.30469 
2945,1145,,80.27344 
2946,1146,,84.17969 
2947,1147,,86.91406 
2948,1148,,85.15625 
2949,1149,,90.23438 
2950,1150,,88.47656 
2951,1151,,88.47656 
2952,1152,,88.86719 
2953,1153,,88.86719 
2954,1154,,86.71875 
2955,1155,,88.86719 
2956,1156,,88.86719 
2957,1157,,83.78906 
2958,1158,,88.28125 
2959,1159,,88.86719 
2960,1160,,88.67188 
2961,1161,,87.10938 
2962,1162,,87.69531 
2963,1163,,87.50000 
2964,1164,,88.47656 
2965,1165,,88.28125 
2966,1166,,87.89063 
2967,1167,,88.67188 
2968,1168,,90.62500 
2969,1169,,91.79688 
2970,1170,,85.93750 
2971,1171,,87.89063 
2972,1172,,88.28125 
2973,1173,,89.25781 
2974,1174,,90.82031 
2975,1175,,91.01563 
2976,1176,,87.30469 
2977,1177,,88.28125 
2978,1178,,85.15625 
2979,1179,,88.67188 
2980,1180,,88.08594 
2981,1181,,90.23438 
2982,1182,,87.30469 
2983,1183,,87.50000 
2984,1184,,87.89063 
2985,1185,,91.21094 
2986,1186,,88.67188 
2987,1187,,87.89063 
2988,1188,,89.45313 
2989,1189,,89.45313 
2990,1190,,86.13281 
2991,1191,,88.47656 
2992,1192,,87.50000 
2993,1193,,86.91406 
2994,1194,,89.84375 
2995,1195,,87.69531 
2996,1196,,90.62500 
2997,1197,,88.67188 
2998,1198,,86.71875 
2999,1199,,85.74219 
3000,1200,,90.82031 
3001,1201,,89.45313 
3002,1202,,89.84375 
3003,1203,,90.42969 
3004,1204,,90.23438 
3005,1205,,89.25781 
3006,1206,,91.99219 
3007,1207,,90.82031 
3008,1208,,89.06250 
3009,1209,,88.47656 
3010,1210,,88.86719 
3011,1211,,88.08594 
3012,1212,,88.08594 
3013,1213,,88.28125 
3014,1214,,88.08594 
3015,1215,,91.21094 
3016,1216,,88.28125 
3017,1217,,87.89063 
3018,1218,,89.45313 
3019,1219,,88.67188 
3020,1220,,88.67188 
3021,1221,,87.89063 
3022,1222,,91.01563 
3023,1223,,88.67188 
3024,1224,,85.93750 
3025,1225,,81.64063 
3026,1226,,87.69531 
3027,1227,,89.84375 
3028,1228,,88.08594 
3029,1229,,88.86719 
3030,1230,,86.52344 
3031,1231,,90.42969 
3032,1232,,90.42969 
3033,1233,,90.23438 
3034,1234,,91.60156 
3035,1235,,87.10938 
3036,1236,,86.32813 
3037,1237,,86.32813 
3038,1238,,89.45313 
3039,1239,,87.50000 
3040,1240,,83.00781 
3041,1241,,87.10938 
3042,1242,,87.50000 
3043,1243,,90.23438 
3044,1244,,88.47656 
3045,1245,,89.06250 
3046,1246,,89.25781 
3047,1247,,93.16406 
3048,1248,,90.42969 
3049,1249,,89.06250 
3050,1250,,86.71875 
3051,1251,,87.50000 
3052,1252,,89.25781 
3053,1253,,89.84375 
3054,1254,,87.30469 
3055,1255,,86.91406 
3056,1256,,88.67188 
3057,1257,,88.08594 
3058,1258,,87.30469 
3059,1259,,90.82031 
3060,1260,,88.86719 
3061,1261,,87.50000 
3062,1262,,87.50000 
3063,1263,,88.47656 
3064,1264,,87.50000 
3065,1265,,85.35156 
3066,1266,,86.13281 
3067,1267,,86.91406 
3068,1268,,87.69531 
3069,1269,,86.71875 
3070,1270,,88.08594 
3071,1271,,88.86719 
3072,1272,,85.54688 
3073,1273,,85.93750 
3074,1274,,89.45313 
3075,1275,,87.89063 
3076,1276,,87.89063 
3077,1277,,90.42969 
3078,1278,,85.74219 
3079,1279,,86.52344 
3080,1280,,86.91406 
3081,1281,,88.67188 
3082,1282,,86.91406 
3083,1283,,90.03906 
3084,1284,,87.50000 
3085,1285,,88.67188 
3086,1286,,88.28125 
3087,1287,,89.84375 
3088,1288,,84.57031 
3089,1289,,85.74219 
3090,1290,,86.32813 
3091,1291,,90.42969 
3092,1292,,88.47656 
3093,1293,,88.28125 
3094,1294,,87.50000 
3095,1295,,87.89063 
3096,1296,,86.13281 
3097,1297,,88.08594 
3098,1298,,89.84375 
3099,1299,,89.45313 
3100,1300,,90.42969 
3101,1301,,89.64844 
3102,1302,,87.10938 
3103,1303,,86.71875 
3104,1304,,86.52344 
3105,1305,,85.74219 
3106,1306,,88.47656 
3107,1307,,85.74219 
3108,1308,,84.76563 
3109,1309,,85.93750 
3110,1310,,84.57031 
3111,1311,,90.62500 
